{
  "dataset": "Kennedy Space Center (KSC)",
  "seed": 42,
  "numpy": "2.1.3",
  "torch": "2.11.0+cpu",
  "config": {
    "LR_QUANTUM": 0.0005,
    "N_QUBITS": 4,
    "N_REUP_LAYERS": 4,
    "TOPOLOGY_BETA": 0.05,
    "N_SUB_ROTATIONS": 3,
    "PATCH_SIZE": 9,
    "BATCH_SIZE": 16,
    "N_EPOCHS": 50,
    "LR_CLASSICAL": 0.001,
    "WEIGHT_DECAY": 0.0001,
    "FOCAL_GAMMA": 2.0,
    "GRAD_CLIP_NORM": 5.0,
    "TRAIN_PER_CLASS": 30,
    "VAL_PER_CLASS": 15,
    "TEST_PER_CLASS": 50,
    "DROPOUT": 0.2,
    "SPATIAL_DIM": 32,
    "FUSION_DIM": 64,
    "ROUTER_BOTTLENECK": 32
  },
  "param_counts": {
    "total": 113505,
    "quantum": 88908,
    "spatial": 21312,
    "classifier": 3213,
    "bn": 72
  },
  "gate_counts": {
    "total_rot_gates": 48,
    "total_crz_gates": 12,
    "trainable_thetas": 144
  },
  "train_time_s": 2216.2385427951813,
  "best_epoch": 44,
  "val": {
    "oa": 0.8871794871794871,
    "aa": 0.8871794871794871,
    "kappa": 0.8777777777777778,
    "per_class_acc": [
      1.0,
      0.8666666666666667,
      0.9333333333333333,
      0.7333333333333333,
      0.8,
      0.8,
      0.9333333333333333,
      0.7333333333333333,
      0.9333333333333333,
      0.9333333333333333,
      1.0,
      0.8666666666666667,
      1.0
    ],
    "precision": [
      0.75,
      0.9285714285714286,
      0.9333333333333333,
      0.7333333333333333,
      0.75,
      0.8571428571428571,
      0.875,
      0.8461538461538461,
      1.0,
      1.0,
      1.0,
      0.9285714285714286,
      1.0
    ],
    "recall": [
      1.0,
      0.8666666666666667,
      0.9333333333333333,
      0.7333333333333333,
      0.8,
      0.8,
      0.9333333333333333,
      0.7333333333333333,
      0.9333333333333333,
      0.9333333333333333,
      1.0,
      0.8666666666666667,
      1.0
    ],
    "f1": [
      0.8571428571428571,
      0.896551724137931,
      0.9333333333333333,
      0.7333333333333333,
      0.7741935483870968,
      0.8275862068965517,
      0.9032258064516129,
      0.7857142857142857,
      0.9655172413793104,
      0.9655172413793104,
      1.0,
      0.896551724137931,
      1.0
    ],
    "support": [
      15,
      15,
      15,
      15,
      15,
      15,
      15,
      15,
      15,
      15,
      15,
      15,
      15
    ],
    "macro_precision": 0.8924697097774021,
    "macro_recall": 0.8871794871794871,
    "macro_f1": 0.8875897924841195,
    "weighted_precision": 0.892469709777402,
    "weighted_recall": 0.8871794871794871,
    "weighted_f1": 0.8875897924841194
  },
  "test": {
    "oa": 0.936923076923077,
    "aa": 0.9369230769230769,
    "kappa": 0.9316666666666666,
    "per_class_acc": [
      0.94,
      0.98,
      0.94,
      0.72,
      0.9,
      0.92,
      0.98,
      0.9,
      0.98,
      0.98,
      0.96,
      0.98,
      1.0
    ],
    "precision": [
      0.9215686274509803,
      0.9607843137254902,
      0.94,
      0.8372093023255814,
      0.8490566037735849,
      0.8363636363636363,
      1.0,
      0.9375,
      0.9245283018867925,
      1.0,
      1.0,
      0.98,
      1.0
    ],
    "recall": [
      0.94,
      0.98,
      0.94,
      0.72,
      0.9,
      0.92,
      0.98,
      0.9,
      0.98,
      0.98,
      0.96,
      0.98,
      1.0
    ],
    "f1": [
      0.9306930693069307,
      0.9702970297029703,
      0.94,
      0.7741935483870968,
      0.8737864077669902,
      0.8761904761904762,
      0.98989898989899,
      0.9183673469387755,
      0.9514563106796117,
      0.98989898989899,
      0.9795918367346939,
      0.98,
      1.0
    ],
    "support": [
      50,
      50,
      50,
      50,
      50,
      50,
      50,
      50,
      50,
      50,
      50,
      50,
      50
    ],
    "macro_precision": 0.9374623681173897,
    "macro_recall": 0.9369230769230769,
    "macro_f1": 0.9364903081158096,
    "weighted_precision": 0.9374623681173898,
    "weighted_recall": 0.936923076923077,
    "weighted_f1": 0.9364903081158096
  },
  "test_bootstrap_95ci": {
    "oa_ci": [
      0.916923076923077,
      0.9553846153846154
    ],
    "aa_ci": [
      0.9177262406630775,
      0.9556366272534571
    ],
    "kappa_ci": [
      0.9099162971824151,
      0.9516118795251958
    ]
  },
  "class_names": [
    "Scrub",
    "Willow-swamp",
    "CP-hammock",
    "CP/Oak",
    "Slash-pine",
    "Oak/Broadleaf",
    "Hardwood-swamp",
    "Graminoid-marsh",
    "Spartina-marsh",
    "Cattail-marsh",
    "Salt-marsh",
    "Mud-flats",
    "Water"
  ],
  "qubit_dominant_region": [
    "Vis",
    "Vis",
    "Vis",
    "Vis"
  ]
}